doc_id,gt_folder,scibert_pred,scibert_top2,specter_pred,specter_top2,specter_score,specter_ok,scibert_ok
b39624d6c38a,PB1,PB6,PB1,PB5,PB2,0.7758910059928894,False,False
d7b8d727bf7f,PB1,PB1,PB6,PB5,PB1,0.8102525472640991,False,True
98b2994454de,PB1,PB6,PB1,PB9,PB1,0.7959502935409546,False,False
36709684add1,PB1,PB1,PB6,PB6,PB1,0.7326759696006775,False,True
78da21206ecf,PB1,PB1,PB6,PB2,PB1,0.748566746711731,False,True
d76008c84359,PB1,PB6,PB1,PB3,PB1,0.7106078267097473,False,False
93373d6e7b19,PB1,PB7,PB1,PB7,PB2,0.705349862575531,False,False
29debbd71958,PB1,PB6,PB7,PB7,PB1,0.6298894286155701,False,False
580cb1753b80,PB1,PB6,PB2,PB7,PB6,0.7949203848838806,False,False
a120afb4a1c8,PB1,PB6,PB1,PB5,PB4,0.7961465120315552,False,False
8581e74341ad,PB1,PB9,PB6,PB9,PB3,0.826859712600708,False,False
28fc0527bdb6,PB1,PB6,PB1,PB5,PB4,0.8540005087852478,False,False
03c55a425a95,PB1,PB1,PB6,PB1,PB9,0.7974165678024292,True,True
19351603671b,PB1,PB6,PB1,PB2,PB1,0.7303498983383179,False,False
8d8ab7ed834f,PB1,PB6,PB1,PB6,PB7,0.8224958777427673,False,False
beff7875a219,PB1,PB6,PB1,PB9,PB3,0.7694927453994751,False,False
b6a915f0d851,PB1,PB6,PB1,PB2,PB3,0.7776670455932617,False,False
9de7c20cae29,PB1,PB1,PB6,PB7,PB1,0.6905601024627686,False,True
7eeabf2d3241,PB1,PB6,PB1,PB1,PB6,0.7586120367050171,True,False
6886331b8e6b,PB1,PB1,PB6,PB1,PB7,0.6459525227546692,True,True
ce913c076934,PB1,PB6,PB3,PB3,PB9,0.6954792737960815,False,False
1740ef2090f3,PB1,PB7,PB8,PB7,PB4,0.6284922361373901,False,False
3fe336e617f1,PB1,PB1,PB6,PB6,PB7,0.8320558071136475,False,True
18f470198b8c,PB1,PB6,PB1,PB6,PB7,0.8136435747146606,False,False
fe967180e692,PB1,PB6,PB1,PB9,PB1,0.7242661118507385,False,False
3ee3257f98aa,PB1,PB6,PB1,PB1,PB2,0.763094425201416,True,False
474b020c0a64,PB1,PB7,PB1,PB7,PB1,0.6080445051193237,False,False
7442a2ecd66d,PB1,PB6,PB1,PB6,PB1,0.6688351631164551,False,False
6898e4408f2d,PB1,PB1,PB6,PB6,PB7,0.820141077041626,False,True
208027c43162,PB1,PB6,PB1,PB6,PB7,0.7610050439834595,False,False
9e9a5ab8dfbb,PB1,PB1,PB7,PB8,PB1,0.6518260836601257,False,True
a68053b3640c,PB1,PB1,PB6,PB1,PB7,0.7818523645401001,True,True
1e8b414ba8f4,PB1,PB1,PB6,PB1,PB8,0.7038813829421997,True,True
2ecf59d6bada,PB1,PB8,PB1,PB1,PB7,0.7561665177345276,True,False
ff6fb1e2be19,PB1,PB1,PB7,PB4,PB1,0.6901181936264038,False,True
210ec884925e,PB1,PB1,PB6,PB1,PB9,0.8429431319236755,True,True
f2b093b5dab6,PB1,PB6,PB7,PB7,PB6,0.8412587642669678,False,False
766deda36a8c,PB1,PB6,PB7,PB4,PB7,0.7522261142730713,False,False
efd5f2ab32ee,PB1,PB1,PB6,PB2,PB9,0.8087393641471863,False,True
30128f5c44d7,PB1,PB1,PB6,PB1,PB6,0.7848081588745117,True,True
44cb9ddc20a6,PB1,PB6,PB1,PB1,PB2,0.7731391787528992,True,False
534e250445bb,PB1,PB7,PB6,PB7,PB6,0.785658061504364,False,False
10e173ef6f1b,PB1,PB7,PB6,PB1,PB8,0.6624740362167358,True,False
d8298679cc6b,PB1,PB1,PB6,PB6,PB5,0.7945516109466553,False,True
66aa9d81a9f1,PB1,PB6,PB1,PB6,PB1,0.802777886390686,False,False
ffa6a29d70ef,PB1,PB1,PB6,PB2,PB1,0.7130742073059082,False,True
66c33f8c27ad,PB1,PB1,PB6,PB1,PB6,0.8369470238685608,True,True
5194c7c1714e,PB1,PB1,PB6,PB7,PB4,0.7415808439254761,False,True
6810d3685389,PB1,PB6,PB9,PB9,PB1,0.7799938321113586,False,False
b888b6091e7a,PB1,PB2,PB1,PB2,PB5,0.8295902609825134,False,False
08cdfd265a90,PB1,PB1,PB6,PB6,PB5,0.7564926147460938,False,True
7428b52f8a0a,PB1,PB6,PB1,PB2,PB5,0.7422729134559631,False,False
ff153d55d5fd,PB1,PB1,PB6,PB1,PB7,0.8068061470985413,True,True
c74e926f78ca,PB1,PB2,PB6,PB4,PB2,0.6506320834159851,False,False
a5ae21ed27ee,PB1,PB6,PB1,PB1,PB5,0.7403421998023987,True,False
a3d6daa1a396,PB1,PB1,PB6,PB7,PB1,0.67969810962677,False,True
74b721286485,PB1,PB3,PB6,PB3,PB9,0.8016769289970398,False,False
014a2c6f3d0f,PB1,PB1,PB7,PB7,PB6,0.721538782119751,False,True
f4bc536b4dd5,PB1,PB7,PB1,PB7,PB6,0.7231216430664062,False,False
94cef8405b6e,PB1,PB1,PB6,PB6,PB1,0.7794068455696106,False,True
eaf6d52d5457,PB1,PB6,PB1,PB2,PB1,0.7327432632446289,False,False
99e5b1ba5ba5,PB1,PB6,PB1,PB6,PB5,0.7712864875793457,False,False
11e601dd40d6,PB1,PB6,PB1,PB1,PB9,0.7654540538787842,True,False
7ecf1c6c41d4,PB1,PB1,PB6,PB2,PB4,0.7937317490577698,False,True
ef8406385ab8,PB1,PB6,PB1,PB1,PB6,0.7704281210899353,True,False
da09c322b4d6,PB1,PB1,PB7,PB7,PB6,0.6667804718017578,False,True
6c010d27c9e2,PB1,PB6,PB2,PB2,PB5,0.810505747795105,False,False
eedd0be5f6b2,PB1,PB6,PB1,PB7,PB6,0.8223715424537659,False,False
3a2f7fb54bc1,PB1,PB6,PB1,PB6,PB7,0.7581852078437805,False,False
0c8019e3495d,PB1,PB6,PB1,PB2,PB1,0.7735725045204163,False,False
fdfcb7e01e11,PB1,PB1,PB6,PB1,PB6,0.7497286796569824,True,True
7a0615acd999,PB1,PB1,PB6,PB7,PB1,0.7145761251449585,False,True
76d10b9fd6c0,PB1,PB1,PB7,PB1,PB8,0.8078263998031616,True,True
ca6e200d678b,PB1,PB6,PB1,PB3,PB9,0.7532968521118164,False,False
d15da82aa088,PB1,PB1,PB7,PB6,PB1,0.7805280685424805,False,True
3f68844ce318,PB1,PB6,PB1,PB6,PB1,0.7468832731246948,False,False
c21a0b99e259,PB1,PB6,PB1,PB6,PB1,0.8200188279151917,False,False
dc92c037bb1e,PB1,PB1,PB9,PB9,PB1,0.8948614001274109,False,True
01a43c4718f6,PB1,PB6,PB1,PB1,PB7,0.7027909159660339,True,False
dbde52e667aa,PB1,PB6,PB2,PB4,PB9,0.69195955991745,False,False
85cec6c7baf2,PB1,PB6,PB1,PB6,PB1,0.8124514222145081,False,False
af45c4594116,PB1,PB7,PB2,PB2,PB7,0.7972279787063599,False,False
e181d0fa46d4,PB2,PB2,PB6,PB2,PB4,0.9014366865158081,True,True
6a30de3dc038,PB1,PB1,PB6,PB6,PB7,0.8785717487335205,False,True
01a70dbf979d,PB2,PB7,PB6,PB7,PB6,0.8106948137283325,False,False
6b989f0c288f,PB2,PB2,PB1,PB2,PB4,0.9055102467536926,True,True
350950a0c141,PB2,PB1,PB6,PB7,PB2,0.767338752746582,False,False
f7a7e03546d8,PB2,PB2,PB6,PB2,PB4,0.8464725613594055,True,True
e0b506467515,PB2,PB2,PB6,PB2,PB4,0.8450572490692139,True,True
189422b60b95,PB2,PB2,PB1,PB2,PB4,0.831445574760437,True,True
733ba5fc919b,PB2,PB2,PB6,PB2,PB4,0.8999917507171631,True,True
3b43a79675de,PB2,PB6,PB1,PB6,PB7,0.736598014831543,False,False
6b07fa180443,PB2,PB1,PB7,PB7,PB2,0.7608461976051331,False,False
9c24499b3b82,PB2,PB2,PB6,PB2,PB4,0.7583409547805786,True,True
e0e6d223df20,PB2,PB2,PB7,PB2,PB4,0.8373586535453796,True,True
a0befd076648,PB2,PB1,PB6,PB1,PB6,0.841070294380188,False,False
44d5ec3427e9,PB2,PB2,PB1,PB2,PB4,0.9143999814987183,True,True
f0309a8cfcb7,PB2,PB2,PB5,PB2,PB4,0.8961926102638245,True,True
6d34726fa878,PB2,PB2,PB1,PB2,PB4,0.917777419090271,True,True
183cf2fb0b80,PB2,PB6,PB1,PB1,PB9,0.836122453212738,False,False
82b2779f08ea,PB2,PB2,PB1,PB2,PB4,0.8893364071846008,True,True
6a837d6f3c98,PB2,PB2,PB7,PB7,PB2,0.7563669681549072,False,True
d0e67d561685,PB2,PB2,PB1,PB2,PB4,0.9059402942657471,True,True
23aa02497362,PB2,PB2,PB6,PB2,PB4,0.8863694071769714,True,True
de8683ab9d65,PB2,PB2,PB1,PB2,PB4,0.8909693956375122,True,True
fa1f553e04c9,PB2,PB7,PB2,PB7,PB2,0.7289344072341919,False,False
caa0f4f9200b,PB2,PB6,PB7,PB7,PB2,0.7108292579650879,False,False
b38aa34795ba,PB2,PB2,PB6,PB2,PB4,0.6799765825271606,True,True
9b381dcc3d43,PB2,PB1,PB6,PB7,PB6,0.7344350814819336,False,False
d175979dd9ca,PB2,PB8,PB6,PB7,PB8,0.731484055519104,False,False
d84d0ce7a4c8,PB2,PB2,PB5,PB2,PB4,0.9152617454528809,True,True
89b809c41b06,PB2,PB1,PB2,PB2,PB7,0.7865413427352905,True,False
ab2d096a1aaf,PB2,PB1,PB6,PB2,PB4,0.866335391998291,True,False
15492fd35c65,PB2,PB2,PB6,PB2,PB4,0.9078295230865479,True,True
43e194ce92e5,PB2,PB7,PB1,PB7,PB2,0.7561030387878418,False,False
84915f5956b8,PB2,PB2,PB8,PB2,PB4,0.766024112701416,True,True
912386399606,PB2,PB6,PB2,PB6,PB7,0.7626021504402161,False,False
3d9b79c2d2f4,PB2,PB2,PB6,PB2,PB4,0.8918033242225647,True,True
bc9a0faaebc2,PB2,PB2,PB7,PB2,PB4,0.8258053660392761,True,True
ed840662a3c7,PB2,PB2,PB6,PB2,PB7,0.8027827739715576,True,True
7b536305dfc4,PB2,PB1,PB7,PB2,PB7,0.8075370788574219,True,False
d47b6132f4e3,PB2,PB1,PB2,PB5,PB2,0.7905774116516113,False,False
a941806942ed,PB2,PB1,PB6,PB7,PB8,0.8001201748847961,False,False
62ee400a4f10,PB2,PB2,PB6,PB2,PB4,0.8043203353881836,True,True
b732442ba86b,PB2,PB1,PB7,PB6,PB7,0.7792328596115112,False,False
c4582701ea82,PB2,PB2,PB6,PB2,PB4,0.8512977957725525,True,True
5a872e7dc458,PB2,PB6,PB2,PB2,PB4,0.7813230752944946,True,False
75c4c92dcf6f,PB2,PB2,PB6,PB2,PB4,0.8141939640045166,True,True
a31195146871,PB2,PB2,PB7,PB2,PB4,0.861594557762146,True,True
0866b31f11c4,PB2,PB6,PB1,PB7,PB1,0.6535082459449768,False,False
048ee543e326,PB2,PB2,PB6,PB2,PB7,0.8152265548706055,True,True
9480a86811a3,PB2,PB6,PB7,PB7,PB6,0.7300209999084473,False,False
9346ad93eabc,PB2,PB2,PB7,PB2,PB4,0.881439208984375,True,True
63f770a7de49,PB2,PB1,PB8,PB1,PB8,0.717275857925415,False,False
b37bc5954f95,PB2,PB1,PB6,PB2,PB4,0.847740650177002,True,False
12c2c9cdccde,PB2,PB2,PB7,PB2,PB4,0.8387517333030701,True,True
20d20e99e7ff,PB2,PB6,PB1,PB2,PB4,0.8491657972335815,True,False
66c76ad14a95,PB2,PB1,PB6,PB7,PB6,0.7693989276885986,False,False
06cdb4126b53,PB2,PB1,PB7,PB2,PB4,0.8375549912452698,True,False
2fcf800f9b81,PB2,PB2,PB1,PB2,PB4,0.9267525672912598,True,True
0d80435ed1f7,PB2,PB2,PB6,PB2,PB4,0.833579421043396,True,True
2b2223b51ee0,PB2,PB1,PB6,PB2,PB4,0.8783955574035645,True,False
2ec1561ee945,PB2,PB2,PB7,PB2,PB7,0.781496524810791,True,True
836729823b1f,PB2,PB2,PB1,PB2,PB4,0.807511031627655,True,True
9821a655ab99,PB2,PB1,PB6,PB8,PB1,0.6997206211090088,False,False
0d8993079acd,PB2,PB2,PB5,PB2,PB4,0.8547563552856445,True,True
aa24d609c017,PB2,PB1,PB2,PB2,PB4,0.8350812196731567,True,False
a60e993db94a,PB2,PB2,PB7,PB2,PB4,0.7537717223167419,True,True
10e99b01cb74,PB2,PB1,PB6,PB1,PB6,0.8185908794403076,False,False
f570037bd31b,PB2,PB2,PB7,PB2,PB4,0.8586781620979309,True,True
bdf5eac988ad,PB2,PB8,PB1,PB8,PB4,0.7890300750732422,False,False
73f963bbe3ab,PB2,PB1,PB7,PB7,PB1,0.7574527263641357,False,False
aac5539aa27b,PB3,PB6,PB5,PB4,PB6,0.798520028591156,False,False
ed3a2e5f0c07,PB2,PB2,PB7,PB2,PB4,0.7941309213638306,True,True
080e222eec5e,PB3,PB3,PB9,PB3,PB9,0.7463853359222412,True,True
5d61e6acb0d3,PB3,PB8,PB1,PB4,PB5,0.841424286365509,False,False
e49c21565b44,PB3,PB6,PB4,PB4,PB6,0.8056875467300415,False,False
60866ad26557,PB3,PB1,PB2,PB2,PB4,0.8530740737915039,False,False
2847f25a6987,PB3,PB3,PB9,PB9,PB3,0.8015569448471069,False,True
617e862304dd,PB3,PB1,PB6,PB9,PB2,0.7947614192962646,False,False
84c6a048a87b,PB3,PB6,PB3,PB2,PB4,0.798833429813385,False,False
e9665142cbcd,PB3,PB1,PB6,PB3,PB9,0.7560276389122009,True,False
2e715d6c3d48,PB3,PB6,PB1,PB3,PB9,0.693872332572937,True,False
6e72e83cb91d,PB3,PB1,PB3,PB3,PB9,0.7749447226524353,True,False
2649a017ec2d,PB3,PB6,PB1,PB1,PB9,0.8477896451950073,False,False
2f3d833b242c,PB3,PB1,PB6,PB9,PB1,0.8214555978775024,False,False
074d00932720,PB3,PB6,PB3,PB3,PB9,0.7710280418395996,True,False
7b40ba959880,PB3,PB6,PB1,PB1,PB6,0.7996993660926819,False,False
342d04300710,PB3,PB6,PB3,PB3,PB1,0.7605793476104736,True,False
ac5545d10350,PB3,PB9,PB3,PB2,PB9,0.7925524115562439,False,False
4045a77d2175,PB3,PB6,PB1,PB3,PB9,0.8120157122612,True,False
5b69b4b177c8,PB3,PB6,PB1,PB1,PB9,0.8052240610122681,False,False
67f33c2f5895,PB3,PB1,PB6,PB9,PB1,0.7775290012359619,False,False
e0769e336198,PB3,PB1,PB6,PB6,PB1,0.6978627443313599,False,False
c8b475531d7e,PB3,PB3,PB6,PB3,PB9,0.7826853394508362,True,True
6635e515c07e,PB3,PB1,PB3,PB1,PB8,0.7297675609588623,False,False
7d15d84ce20e,PB3,PB3,PB6,PB2,PB4,0.7698687314987183,False,True
b78f530a7306,PB3,PB7,PB2,PB2,PB4,0.7706089615821838,False,False
49d9ced3216b,PB3,PB1,PB6,PB2,PB1,0.8200724720954895,False,False
eb43cd5b1ab4,PB3,PB6,PB7,PB1,PB8,0.6836341619491577,False,False
fc1441e078b0,PB3,PB6,PB1,PB9,PB1,0.7706617116928101,False,False
87a86ef6a704,PB3,PB1,PB6,PB1,PB9,0.7034551501274109,False,False
24c6e242d820,PB3,PB6,PB9,PB2,PB4,0.8142076730728149,False,False
50137c06d495,PB3,PB2,PB1,PB2,PB4,0.8514008522033691,False,False
40321da55e89,PB3,PB6,PB1,PB1,PB9,0.6959893107414246,False,False
3159c4d063f0,PB3,PB6,PB1,PB2,PB4,0.8545495867729187,False,False
5d4c8c8c28fc,PB3,PB1,PB8,PB1,PB8,0.6860777139663696,False,False
10583180365f,PB3,PB6,PB9,PB9,PB3,0.8113842010498047,False,False
2e037a3646bb,PB3,PB1,PB6,PB1,PB6,0.7336023449897766,False,False
322759ed786f,PB3,PB6,PB2,PB1,PB9,0.8294257521629333,False,False
dfac6cfb2a24,PB3,PB6,PB1,PB6,PB1,0.8420708179473877,False,False
da697160487b,PB3,PB6,PB1,PB3,PB9,0.7580559849739075,True,False
cbeee1449c17,PB3,PB1,PB6,PB9,PB2,0.7427093386650085,False,False
bf66ccf11e70,PB3,PB3,PB1,PB1,PB3,0.6770135164260864,False,True
a349ed5bb11b,PB3,PB1,PB3,PB1,PB3,0.8211576342582703,False,False
4e15a5767a46,PB3,PB9,PB1,PB9,PB1,0.7598352432250977,False,False
bb680d4cc663,PB3,PB6,PB1,PB9,PB1,0.8206443786621094,False,False
61b0da4c3b4e,PB3,PB6,PB9,PB3,PB9,0.7451951503753662,True,False
3c40e1f6cac0,PB3,PB6,PB3,PB3,PB9,0.84062659740448,True,False
f89be8cffe97,PB3,PB3,PB6,PB3,PB1,0.8117232322692871,True,True
48b9aaf93417,PB3,PB9,PB3,PB3,PB9,0.7765558958053589,True,False
301031ad4e33,PB3,PB1,PB3,PB9,PB1,0.8181493878364563,False,False
0744b984fd6e,PB3,PB6,PB1,PB1,PB7,0.6540449857711792,False,False
18cb76356882,PB3,PB9,PB1,PB9,PB3,0.7849498987197876,False,False
e94104e32469,PB3,PB6,PB3,PB9,PB3,0.7621229290962219,False,False
22b6493c101f,PB3,PB6,PB5,PB6,PB4,0.7987155914306641,False,False
cab713fe6b41,PB3,PB1,PB7,PB1,PB9,0.7417294383049011,False,False
21e7327ac1b5,PB3,PB1,PB6,PB3,PB9,0.7780666947364807,True,False
e634a924e4ff,PB3,PB6,PB1,PB1,PB9,0.7896462082862854,False,False
6e87863aa7c1,PB3,PB1,PB6,PB1,PB9,0.7612081170082092,False,False
6cb13a4bb395,PB3,PB6,PB1,PB1,PB9,0.7574219107627869,False,False
867956c7bbf0,PB3,PB6,PB1,PB9,PB3,0.7938359379768372,False,False
514166f8f3f9,PB3,PB6,PB9,PB3,PB9,0.8197941184043884,True,False
87b5ff710c61,PB3,PB6,PB1,PB3,PB1,0.811827540397644,True,False
118906e93497,PB3,PB1,PB9,PB9,PB3,0.8072642683982849,False,False
45f805c00d44,PB3,PB1,PB6,PB4,PB2,0.7952768802642822,False,False
ca7fd9d30556,PB3,PB1,PB3,PB3,PB1,0.7437822818756104,True,False
717ad4975bac,PB3,PB6,PB1,PB9,PB3,0.782281756401062,False,False
96d3c0964545,PB3,PB6,PB1,PB2,PB1,0.7366244792938232,False,False
64136aa7f080,PB3,PB3,PB6,PB3,PB9,0.7623971700668335,True,True
0fe011216319,PB3,PB9,PB3,PB2,PB3,0.7940553426742554,False,False
0f2abf4de5c9,PB3,PB1,PB6,PB6,PB1,0.7741107940673828,False,False
9ba110d31936,PB3,PB6,PB9,PB9,PB3,0.7610599994659424,False,False
4e76342ca707,PB3,PB1,PB3,PB1,PB8,0.7611753344535828,False,False
7f7641c7e820,PB3,PB1,PB6,PB1,PB6,0.7695429921150208,False,False
61a101046e89,PB3,PB1,PB7,PB8,PB4,0.7141738533973694,False,False
aa22faff58d4,PB3,PB1,PB6,PB1,PB9,0.9032825231552124,False,False
c95e30752adf,PB3,PB1,PB6,PB4,PB6,0.8098692893981934,False,False
fcc2f9a59b3a,PB3,PB6,PB3,PB3,PB6,0.7209754586219788,True,False
059cec1bca31,PB3,PB1,PB6,PB9,PB1,0.7727208137512207,False,False
68178e398a9e,PB3,PB6,PB1,PB3,PB9,0.7628037333488464,True,False
d0ed109dae9a,PB4,PB6,PB7,PB4,PB6,0.7872937321662903,True,False
ad21e0ffd709,PB4,PB1,PB6,PB2,PB4,0.8517143726348877,False,False
1453021ca200,PB4,PB2,PB6,PB2,PB4,0.8014324903488159,False,False
214434ba591d,PB4,PB2,PB6,PB5,PB4,0.7347078919410706,False,False
294b1229b050,PB4,PB1,PB6,PB2,PB4,0.7656202912330627,False,False
06601c6f4330,PB4,PB6,PB5,PB4,PB5,0.8330156207084656,True,False
3beb29b2e78e,PB4,PB6,PB1,PB6,PB4,0.82045978307724,False,False
9153f4dcf3d6,PB4,PB1,PB6,PB1,PB9,0.7436990141868591,False,False
7c0bf746ba69,PB4,PB2,PB6,PB4,PB2,0.7760512828826904,True,False
46bb70d6a1db,PB4,PB6,PB7,PB7,PB6,0.813959002494812,False,False
670ceeb7641d,PB4,PB6,PB1,PB2,PB4,0.7560024857521057,False,False
fa215acb1461,PB4,PB2,PB7,PB2,PB4,0.8300815224647522,False,False
8e734d048179,PB4,PB1,PB6,PB2,PB4,0.8949998617172241,False,False
598dba2b05c0,PB4,PB2,PB1,PB4,PB2,0.769024670124054,True,False
4b96859cedec,PB4,PB1,PB6,PB1,PB7,0.7056946754455566,False,False
437469852fd9,PB4,PB6,PB1,PB1,PB4,0.7403316497802734,False,False
56613369023c,PB4,PB2,PB6,PB2,PB4,0.8467499017715454,False,False
73f68b022aa1,PB4,PB6,PB2,PB2,PB4,0.872925877571106,False,False
f585139f8acc,PB4,PB6,PB1,PB4,PB6,0.8147905468940735,True,False
e07e1529f98b,PB4,PB1,PB6,PB7,PB4,0.8022205233573914,False,False
9e0bd928e241,PB4,PB2,PB6,PB2,PB4,0.8838074803352356,False,False
35031d18c0c9,PB4,PB6,PB1,PB2,PB4,0.8450708985328674,False,False
b9e1bf330baf,PB4,PB1,PB2,PB4,PB2,0.7553117871284485,True,False
3a42af366b65,PB4,PB2,PB6,PB2,PB4,0.8681107759475708,False,False
1650a156c1a2,PB4,PB2,PB6,PB2,PB4,0.832136869430542,False,False
730088fdf1e2,PB4,PB6,PB2,PB4,PB2,0.8575316071510315,True,False
cd69edcad2c9,PB4,PB6,PB1,PB4,PB6,0.8405857682228088,True,False
6ac80b6c2964,PB4,PB2,PB8,PB2,PB4,0.7487291097640991,False,False
00050f80240e,PB4,PB6,PB1,PB4,PB6,0.8155157566070557,True,False
47dbd8858786,PB4,PB6,PB5,PB4,PB5,0.8028973937034607,True,False
785783187ca0,PB4,PB2,PB1,PB2,PB4,0.7957383990287781,False,False
d0a9c0f19061,PB4,PB1,PB6,PB2,PB1,0.7889458537101746,False,False
003148805e45,PB4,PB6,PB1,PB2,PB4,0.8444980978965759,False,False
6039788ff154,PB4,PB6,PB1,PB7,PB8,0.8019993305206299,False,False
29779f63d0e6,PB4,PB4,PB6,PB4,PB5,0.8242945075035095,True,True
a93f2889127e,PB4,PB2,PB6,PB2,PB4,0.823531985282898,False,False
6dd157065781,PB4,PB2,PB6,PB2,PB4,0.7591785788536072,False,False
42c70aa7d7bd,PB4,PB9,PB6,PB9,PB1,0.8213070034980774,False,False
3eab80e5d18b,PB4,PB6,PB2,PB2,PB4,0.8273218870162964,False,False
1a76245cc8b5,PB4,PB6,PB2,PB2,PB4,0.8643496036529541,False,False
2c85341af398,PB4,PB6,PB7,PB6,PB7,0.8511807322502136,False,False
aca0216f377b,PB4,PB2,PB8,PB2,PB4,0.721677303314209,False,False
9f7b7b5ba0ce,PB4,PB6,PB7,PB7,PB6,0.8100917935371399,False,False
d4d2695a2a8a,PB4,PB8,PB2,PB2,PB4,0.8650438189506531,False,False
601b3c6b93ba,PB4,PB1,PB8,PB4,PB8,0.7806143760681152,True,False
5884e737ee20,PB4,PB2,PB6,PB2,PB4,0.8690327405929565,False,False
614a490e6da6,PB4,PB2,PB1,PB2,PB4,0.8235852718353271,False,False
25704adf1781,PB4,PB2,PB6,PB2,PB4,0.8268139958381653,False,False
3c0c667b5363,PB4,PB2,PB6,PB2,PB4,0.8038157820701599,False,False
715680090e72,PB4,PB2,PB6,PB2,PB4,0.8482624292373657,False,False
cf94a74b8764,PB4,PB2,PB6,PB2,PB4,0.7903484106063843,False,False
b6e638e09b43,PB4,PB2,PB6,PB2,PB4,0.853205680847168,False,False
d0fda57d526e,PB4,PB2,PB6,PB4,PB2,0.7813875675201416,True,False
f96b15c63268,PB4,PB6,PB2,PB2,PB4,0.8263446688652039,False,False
8f69a9006635,PB4,PB6,PB2,PB2,PB4,0.8325316905975342,False,False
46f399da7d50,PB4,PB6,PB7,PB4,PB5,0.7697563171386719,True,False
8716e81870ee,PB4,PB6,PB1,PB2,PB5,0.8420761227607727,False,False
4dea121f97f5,PB4,PB1,PB8,PB4,PB7,0.7631728649139404,True,False
f68cf8281ae0,PB4,PB1,PB8,PB2,PB4,0.7168152332305908,False,False
31b57bbb814b,PB4,PB2,PB6,PB2,PB4,0.8805314302444458,False,False
f191a837275d,PB4,PB2,PB6,PB2,PB4,0.8767825365066528,False,False
c4b5838b92e1,PB4,PB1,PB6,PB4,PB6,0.8234670162200928,True,False
c882a9731d06,PB4,PB6,PB1,PB7,PB4,0.827549397945404,False,False
ece9726cd6e5,PB4,PB9,PB6,PB2,PB9,0.8649806976318359,False,False
22a047986be2,PB4,PB1,PB2,PB2,PB4,0.8954188823699951,False,False
87c09fce13b4,PB4,PB6,PB1,PB4,PB5,0.8475216031074524,True,False
225b983b9ce5,PB4,PB1,PB6,PB1,PB9,0.8031229972839355,False,False
1e869f44238c,PB4,PB1,PB6,PB7,PB6,0.8051931262016296,False,False
3d6956584d95,PB4,PB1,PB6,PB9,PB4,0.7976008057594299,False,False
47aff10b43fa,PB4,PB8,PB9,PB6,PB7,0.8559687733650208,False,False
f7954850b2f2,PB4,PB6,PB1,PB2,PB4,0.8039698600769043,False,False
1a4300b95a49,PB4,PB6,PB2,PB4,PB5,0.8147334456443787,True,False
2ea3de6be731,PB4,PB2,PB6,PB2,PB4,0.8834507465362549,False,False
d68a62a91338,PB5,PB7,PB6,PB5,PB4,0.8594527840614319,True,False
0f91d2625aa4,PB5,PB6,PB5,PB2,PB4,0.8463397026062012,False,False
b6d7c2fda1fb,PB5,PB2,PB8,PB2,PB4,0.7604120969772339,False,False
b1fb9424d9f7,PB5,PB1,PB8,PB1,PB8,0.7033631205558777,False,False
4a56d414d583,PB5,PB1,PB6,PB7,PB1,0.5914250612258911,False,False
ba72e5c521fe,PB5,PB2,PB7,PB2,PB4,0.7431578636169434,False,False
f2216007a073,PB5,PB6,PB2,PB2,PB4,0.775223970413208,False,False
491cd02d01cd,PB5,PB6,PB1,PB7,PB4,0.7353220582008362,False,False
50bc85c8dfa5,PB5,PB2,PB1,PB4,PB2,0.6904687881469727,False,False
78a3da71c3fd,PB5,PB1,PB6,PB2,PB3,0.77010178565979,False,False
a8f8fca16a7f,PB5,PB8,PB2,PB7,PB2,0.7759256362915039,False,False
81a2071c7d3b,PB5,PB1,PB6,PB9,PB2,0.7723792791366577,False,False
7f70ba66f24a,PB5,PB1,PB6,PB1,PB9,0.7952172756195068,False,False
52aa68613861,PB5,PB2,PB1,PB2,PB4,0.7183855772018433,False,False
f0ed15e50e8e,PB5,PB6,PB7,PB7,PB8,0.8485586643218994,False,False
a9cdfa7a248e,PB5,PB6,PB7,PB7,PB2,0.7674148082733154,False,False
54911cf3c9c7,PB5,PB6,PB7,PB7,PB6,0.8171073198318481,False,False
a07ab7e3af55,PB5,PB1,PB2,PB2,PB4,0.8285077214241028,False,False
fc82061d23d2,PB5,PB2,PB6,PB2,PB4,0.7493613958358765,False,False
9b3cb1183515,PB5,PB1,PB6,PB1,PB6,0.7487269639968872,False,False
9d8b11c11357,PB5,PB1,PB6,PB8,PB3,0.605719268321991,False,False
1c55651b91ed,PB5,PB2,PB7,PB2,PB7,0.7559467554092407,False,False
775e59ce8096,PB5,PB2,PB8,PB2,PB4,0.807038426399231,False,False
ed7395b3cbb0,PB5,PB6,PB2,PB1,PB2,0.7445712685585022,False,False
2d062374efa2,PB5,PB8,PB6,PB4,PB8,0.7479248642921448,False,False
2b4260a84ed4,PB5,PB6,PB8,PB7,PB4,0.7372718453407288,False,False
1be9feb1cf20,PB5,PB6,PB1,PB4,PB1,0.7513512372970581,False,False
ab931c264219,PB5,PB1,PB5,PB5,PB4,0.7813670635223389,True,False
c54bd00af0b5,PB5,PB6,PB1,PB6,PB1,0.7817419171333313,False,False
48a466d183f9,PB5,PB1,PB7,PB7,PB6,0.8212394714355469,False,False
efdaa5fa832d,PB5,PB7,PB6,PB4,PB5,0.7814865708351135,False,False
59ce955de0bb,PB5,PB2,PB6,PB1,PB9,0.8052286505699158,False,False
e94f3a3a8624,PB5,PB1,PB6,PB1,PB7,0.6871727108955383,False,False
63c22f692407,PB5,PB1,PB6,PB7,PB6,0.8611151576042175,False,False
e9722863b198,PB5,PB6,PB1,PB5,PB6,0.781692624092102,True,False
66729225bd68,PB5,PB5,PB6,PB5,PB6,0.8289138078689575,True,True
360e7c067a27,PB5,PB7,PB6,PB7,PB4,0.8328185677528381,False,False
777f63fd4e82,PB5,PB1,PB6,PB2,PB1,0.6937280893325806,False,False
dfacb1602485,PB5,PB6,PB1,PB2,PB4,0.7693371772766113,False,False
dce97f578f58,PB5,PB6,PB1,PB6,PB7,0.8835995197296143,False,False
9732e02e4c01,PB5,PB8,PB6,PB2,PB4,0.7312456369400024,False,False
f5495fc691d2,PB5,PB2,PB4,PB2,PB4,0.8682554960250854,False,False
5d19037736f0,PB5,PB8,PB6,PB5,PB2,0.6445989608764648,True,False
2cca03b7a82b,PB5,PB6,PB1,PB1,PB6,0.7533799409866333,False,False
626d7e47b8ff,PB5,PB1,PB8,PB8,PB4,0.6825752258300781,False,False
1ce8588b5177,PB5,PB1,PB6,PB4,PB2,0.7291123270988464,False,False
3e3363eaf1b3,PB5,PB2,PB6,PB2,PB4,0.8926423788070679,False,False
61c5ef71efb6,PB5,PB1,PB6,PB2,PB8,0.7506559491157532,False,False
8a3ef856a37a,PB5,PB6,PB8,PB5,PB3,0.5867359638214111,True,False
9275249d37b1,PB5,PB2,PB6,PB2,PB5,0.7019870281219482,False,False
d60744aa03d2,PB5,PB1,PB6,PB5,PB4,0.8041360974311829,True,False
f9fa5ef11c81,PB5,PB1,PB6,PB1,PB2,0.7642471194267273,False,False
0df57a32622a,PB5,PB2,PB6,PB2,PB4,0.8015354871749878,False,False
e38931474c42,PB5,PB2,PB6,PB2,PB4,0.8403040766716003,False,False
c36b323b0cc5,PB5,PB1,PB6,PB2,PB1,0.7565543055534363,False,False
103ac1f335fe,PB5,PB6,PB7,PB5,PB4,0.7985888123512268,True,False
9450709a296b,PB5,PB6,PB1,PB1,PB6,0.7858002185821533,False,False
3e713b4c8d88,PB5,PB6,PB5,PB5,PB6,0.8020811676979065,True,False
006c639dafd6,PB5,PB1,PB6,PB6,PB7,0.8467444181442261,False,False
657de0643dc2,PB5,PB6,PB1,PB6,PB1,0.7752995491027832,False,False
efb1b08a09c7,PB5,PB1,PB6,PB2,PB3,0.7523415088653564,False,False
3d3933bb877a,PB6,PB1,PB6,PB1,PB7,0.7111102938652039,False,False
7aef20d464ee,PB6,PB6,PB1,PB6,PB4,0.7985307574272156,True,True
c92f5224be73,PB6,PB1,PB6,PB1,PB7,0.7469948530197144,False,False
12aadd56e657,PB5,PB1,PB6,PB5,PB1,0.7879208326339722,True,False
ad0e2a4ccc0c,PB5,PB7,PB6,PB7,PB6,0.8128238916397095,False,False
b2e0093480c9,PB6,PB6,PB1,PB7,PB6,0.8015150427818298,False,True
2ee292dac6c5,PB6,PB6,PB7,PB6,PB7,0.8516315817832947,True,True
4233f0a3f4e1,PB6,PB6,PB7,PB6,PB7,0.7303180694580078,True,True
b114d607fc20,PB6,PB6,PB1,PB9,PB1,0.8061546683311462,False,True
8df07cb975f9,PB6,PB6,PB1,PB6,PB7,0.7578964233398438,True,True
2f22e9287d51,PB6,PB6,PB1,PB6,PB1,0.7782469987869263,True,True
098aad209b22,PB6,PB1,PB8,PB1,PB9,0.7710445523262024,False,False
b1b7389bf921,PB6,PB1,PB6,PB1,PB6,0.7142024040222168,False,False
d7ee44a9ba4f,PB6,PB1,PB6,PB2,PB1,0.7918009161949158,False,False
4b08af700f8d,PB6,PB6,PB1,PB6,PB1,0.799588680267334,True,True
e54a64612267,PB6,PB6,PB1,PB1,PB9,0.7567313313484192,False,True
3e627f0e195a,PB6,PB6,PB2,PB2,PB4,0.6308884620666504,False,True
8d67cc74e04b,PB6,PB6,PB1,PB6,PB7,0.7419469356536865,True,True
a4fb643800d7,PB6,PB9,PB3,PB9,PB3,0.7967273592948914,False,False
8cda6cca5ba1,PB6,PB1,PB6,PB7,PB8,0.6923128366470337,False,False
6f65d7f2f5f8,PB6,PB6,PB5,PB6,PB5,0.7862462401390076,True,True
0d8a1e387934,PB6,PB6,PB1,PB6,PB7,0.7888317704200745,True,True
9399a2e449ce,PB6,PB6,PB9,PB9,PB1,0.8342374563217163,False,True
e9b52919f2da,PB6,PB6,PB5,PB5,PB4,0.7443512678146362,False,True
b73c5a756816,PB6,PB6,PB2,PB6,PB4,0.7211899161338806,True,True
dd4b15451eb4,PB6,PB6,PB7,PB7,PB6,0.6983798146247864,False,True
5e40919b8af8,PB6,PB6,PB1,PB1,PB9,0.6885998845100403,False,True
243bd1ad8641,PB6,PB6,PB1,PB6,PB7,0.7208206653594971,True,True
7cbbead1cfb3,PB6,PB1,PB6,PB1,PB3,0.8203186988830566,False,False
e8f146818aef,PB6,PB6,PB1,PB1,PB9,0.7908144593238831,False,True
4a0e5304239d,PB6,PB6,PB7,PB1,PB7,0.7430663704872131,False,True
805a8e2d6a7c,PB6,PB6,PB1,PB6,PB7,0.8257531523704529,True,True
b268a77b9e4e,PB6,PB6,PB7,PB6,PB7,0.8312300443649292,True,True
db50b9a4c8f3,PB6,PB1,PB6,PB1,PB8,0.7031452655792236,False,False
33e7105386c0,PB6,PB6,PB1,PB9,PB1,0.7437547445297241,False,True
f1c2fcd839b3,PB6,PB1,PB6,PB1,PB6,0.7263439297676086,False,False
4ab76369c1db,PB6,PB6,PB1,PB6,PB7,0.6827369928359985,True,True
b120c532a0f3,PB6,PB6,PB1,PB6,PB7,0.8164576888084412,True,True
a0e316732ffd,PB6,PB6,PB7,PB6,PB7,0.8714320659637451,True,True
e10f8e855e1d,PB6,PB6,PB1,PB6,PB5,0.7498695850372314,True,True
bfe2b87789c9,PB6,PB6,PB1,PB6,PB7,0.836764931678772,True,True
662818aff829,PB6,PB6,PB1,PB6,PB7,0.7733660340309143,True,True
53c979c0a5cb,PB6,PB6,PB7,PB6,PB7,0.776896059513092,True,True
d0b54f64ade9,PB6,PB6,PB9,PB4,PB6,0.7952626943588257,False,True
d418cdcbdedd,PB6,PB6,PB1,PB6,PB1,0.7812671661376953,True,True
c64632ffab17,PB6,PB6,PB1,PB6,PB7,0.8352959752082825,True,True
2b1eb832586f,PB6,PB6,PB1,PB6,PB7,0.7759876847267151,True,True
c2863b37c8ef,PB6,PB2,PB6,PB2,PB4,0.7567135095596313,False,False
70f693b8a76e,PB6,PB3,PB1,PB3,PB1,0.7597468495368958,False,False
49b71abbf8d0,PB6,PB6,PB2,PB6,PB7,0.732182502746582,True,True
d002a922aec5,PB6,PB6,PB1,PB2,PB4,0.8044613599777222,False,True
cbae7bbc4333,PB6,PB6,PB5,PB4,PB5,0.7862309217453003,False,True
db45b07793f4,PB6,PB1,PB6,PB9,PB1,0.76726233959198,False,False
fd5e38820a05,PB6,PB6,PB7,PB6,PB7,0.8736900687217712,True,True
02ebfbefed52,PB6,PB6,PB1,PB6,PB5,0.8012655377388,True,True
3bbd6f08b6ac,PB6,PB1,PB6,PB5,PB1,0.8012490272521973,False,False
23e23d4657eb,PB6,PB6,PB7,PB7,PB5,0.7619318962097168,False,True
a1bc1cd8a6b9,PB6,PB1,PB6,PB6,PB7,0.7995152473449707,True,False
0747ee638ce0,PB6,PB7,PB6,PB7,PB6,0.8160165548324585,False,False
697b132b1c14,PB6,PB5,PB3,PB4,PB8,0.6663333773612976,False,False
9ff360edc246,PB6,PB6,PB1,PB1,PB6,0.7599568963050842,False,True
3bb86d3f1d44,PB6,PB6,PB1,PB6,PB7,0.7302299737930298,True,True
6fb501195f15,PB6,PB1,PB6,PB6,PB7,0.8475731611251831,True,False
bbf5ed8cca66,PB6,PB8,PB6,PB7,PB6,0.729217529296875,False,False
7572eb048602,PB6,PB6,PB1,PB6,PB7,0.8548932671546936,True,True
8e0c39744cf1,PB6,PB8,PB6,PB1,PB7,0.6223539113998413,False,False
bed0040a5d4b,PB6,PB1,PB6,PB1,PB2,0.7866725921630859,False,False
66189a5ecc14,PB6,PB6,PB1,PB6,PB7,0.8169271945953369,True,True
362e76793312,PB6,PB7,PB1,PB1,PB7,0.7203735113143921,False,False
76eedd461af8,PB6,PB6,PB1,PB1,PB2,0.6852610111236572,False,True
6a3c77e2e3fb,PB6,PB6,PB2,PB4,PB5,0.748954176902771,False,True
031e218eebb6,PB6,PB6,PB1,PB6,PB1,0.7772358059883118,True,True
5a06ecb543ec,PB6,PB6,PB1,PB6,PB7,0.8453384637832642,True,True
f7d9712bf7ab,PB6,PB6,PB7,PB6,PB7,0.8434097766876221,True,True
f21bc832abc6,PB6,PB6,PB7,PB7,PB6,0.8750399351119995,False,True
37772efc4dff,PB6,PB6,PB1,PB6,PB1,0.7402263879776001,True,True
2cd777d13b06,PB6,PB1,PB6,PB6,PB1,0.7166584134101868,True,False
ccdd834c241f,PB6,PB6,PB7,PB6,PB4,0.8001691102981567,True,True
6a8b58fe4a7f,PB6,PB6,PB1,PB6,PB7,0.7465908527374268,True,True
bc0e0fcc32f5,PB6,PB6,PB1,PB1,PB4,0.7761287689208984,False,True
170f2b5e15e9,PB6,PB6,PB7,PB6,PB7,0.8589852452278137,True,True
04bf901fd941,PB6,PB6,PB1,PB6,PB4,0.7273834943771362,True,True
9070bfafbafc,PB6,PB6,PB1,PB6,PB7,0.8403539657592773,True,True
9e1320ce502d,PB6,PB1,PB6,PB1,PB9,0.7382649779319763,False,False
40f1744b97ea,PB6,PB5,PB6,PB7,PB1,0.7181494235992432,False,False
6d44492fc642,PB6,PB6,PB1,PB6,PB7,0.8104076981544495,True,True
b707c0ae8308,PB6,PB6,PB1,PB7,PB1,0.6391193866729736,False,True
1964109f6b2c,PB6,PB6,PB1,PB7,PB6,0.7356913089752197,False,True
9c540c6b7af5,PB6,PB6,PB1,PB1,PB3,0.6783295273780823,False,True
3e5fff353a4c,PB6,PB6,PB7,PB7,PB6,0.7891010642051697,False,True
6c6f07be4ce2,PB7,PB6,PB5,PB4,PB5,0.7182838320732117,False,False
6ef0f7e089d7,PB7,PB1,PB8,PB4,PB7,0.7157871723175049,False,False
b71c95e19f2b,PB7,PB8,PB1,PB8,PB1,0.7083972096443176,False,False
4e5bf91dbd9b,PB7,PB1,PB8,PB8,PB7,0.6570188999176025,False,False
70b444b24323,PB7,PB1,PB6,PB7,PB8,0.7521547079086304,True,False
e0ad3bd5bce4,PB7,PB6,PB1,PB7,PB1,0.8544936776161194,True,False
61474665c980,PB7,PB7,PB1,PB7,PB8,0.5710179209709167,True,True
60d01c43b9e3,PB7,PB1,PB6,PB1,PB7,0.7376181483268738,False,False
ca78a4a6722b,PB7,PB6,PB7,PB6,PB7,0.7970316410064697,False,False
d7173924a6cb,PB7,PB6,PB1,PB1,PB7,0.6456089615821838,False,False
da529bff27e3,PB7,PB8,PB6,PB8,PB4,0.6690587401390076,False,False
0f84341d7e44,PB7,PB7,PB6,PB7,PB6,0.8690677285194397,True,True
8a3d4a75e493,PB7,PB1,PB7,PB7,PB1,0.7440996766090393,True,False
5d4d91d5bf10,PB7,PB7,PB6,PB6,PB7,0.8215669989585876,False,True
f9b78c03e5de,PB7,PB6,PB1,PB6,PB7,0.812732458114624,False,False
2bc6489e5050,PB7,PB6,PB7,PB6,PB7,0.8254145979881287,False,False
715ccdf3110c,PB7,PB1,PB6,PB6,PB4,0.7730168700218201,False,False
691e52606885,PB7,PB1,PB6,PB7,PB8,0.7734317779541016,True,False
6675089a712d,PB7,PB1,PB6,PB6,PB1,0.7943642735481262,False,False
c631f8c72c06,PB7,PB1,PB6,PB6,PB4,0.8753377199172974,False,False
ed552423bc40,PB7,PB1,PB7,PB1,PB6,0.7607496976852417,False,False
fccd324046a4,PB7,PB6,PB8,PB8,PB7,0.6634352207183838,False,False
4de1a4df4605,PB7,PB8,PB1,PB4,PB5,0.6761746406555176,False,False
f48f61c0b25e,PB7,PB6,PB1,PB7,PB6,0.840606153011322,True,False
bc44d167011e,PB7,PB1,PB6,PB1,PB6,0.8012689352035522,False,False
81b78ed9ee04,PB7,PB6,PB8,PB6,PB7,0.7172684669494629,False,False
42b9b86fd279,PB7,PB6,PB7,PB7,PB6,0.8072684407234192,True,False
915bef103e53,PB7,PB6,PB7,PB6,PB7,0.8081045150756836,False,False
bde229bccfe8,PB7,PB1,PB6,PB1,PB8,0.743667483329773,False,False
af1d7851e6cf,PB7,PB1,PB7,PB7,PB1,0.6345462799072266,True,False
6959052fd57a,PB7,PB1,PB7,PB1,PB6,0.7740305066108704,False,False
0b6c4f632499,PB7,PB1,PB6,PB1,PB7,0.7399268746376038,False,False
b04f1061de65,PB7,PB7,PB6,PB7,PB1,0.6777368783950806,True,True
1abd6b3d8d8b,PB7,PB6,PB1,PB6,PB1,0.6630569696426392,False,False
6ee767103eec,PB7,PB6,PB7,PB7,PB6,0.7835327386856079,True,False
502672ef0ff4,PB7,PB6,PB8,PB6,PB7,0.613699197769165,False,False
9ae57eb9ed76,PB7,PB6,PB7,PB7,PB8,0.755245566368103,True,False
692b15b9eaf9,PB7,PB8,PB1,PB4,PB8,0.599278450012207,False,False
351a5bb217b6,PB7,PB7,PB6,PB7,PB6,0.7573170065879822,True,True
13edd1ae98ee,PB7,PB1,PB6,PB6,PB7,0.6241047382354736,False,False
f2e27a66537b,PB7,PB8,PB1,PB4,PB8,0.7565105557441711,False,False
763c5ac1d0cb,PB7,PB1,PB7,PB1,PB6,0.7729961276054382,False,False
72894fef9030,PB7,PB8,PB6,PB4,PB2,0.6950478553771973,False,False
ea5c8f049e7d,PB7,PB6,PB7,PB7,PB6,0.7019593715667725,True,False
35fd920a006b,PB7,PB6,PB7,PB6,PB7,0.7237080931663513,False,False
153727c1b243,PB7,PB7,PB1,PB6,PB7,0.7196134328842163,False,True
24ebe8782829,PB7,PB7,PB6,PB7,PB6,0.7041182518005371,True,True
94c4a1b49c44,PB7,PB1,PB6,PB6,PB7,0.8504853248596191,False,False
f1f51368d2e0,PB7,PB1,PB6,PB7,PB6,0.769102931022644,True,False
161d58255d44,PB7,PB2,PB6,PB2,PB4,0.7623355984687805,False,False
a9a4050d6822,PB7,PB6,PB7,PB7,PB6,0.7919771075248718,True,False
9cfc99d2b19e,PB7,PB6,PB7,PB7,PB6,0.7039946913719177,True,False
42c958306230,PB7,PB6,PB7,PB6,PB4,0.7754333019256592,False,False
2e3793d566e6,PB7,PB6,PB1,PB8,PB1,0.6710754632949829,False,False
6adf36ff1a69,PB7,PB8,PB5,PB4,PB5,0.6303338408470154,False,False
fe602af850ad,PB7,PB8,PB2,PB4,PB5,0.7203668355941772,False,False
0648e54a64e5,PB7,PB6,PB7,PB6,PB7,0.7776550650596619,False,False
e3684b4b7703,PB7,PB7,PB6,PB7,PB6,0.7413363456726074,True,True
21ecc353ac74,PB7,PB6,PB1,PB7,PB6,0.783966064453125,True,False
cb831c750a69,PB7,PB7,PB6,PB7,PB8,0.7466829419136047,True,True
abf0a4bd43b6,PB7,PB6,PB1,PB7,PB6,0.7320858240127563,True,False
78dc23f39924,PB7,PB7,PB1,PB7,PB6,0.8863547444343567,True,True
a11dce9e9ed0,PB7,PB8,PB1,PB8,PB7,0.5993118286132812,False,False
5f1fc14637e3,PB7,PB6,PB1,PB6,PB7,0.8299149870872498,False,False
5d9cbb3d18a7,PB7,PB8,PB1,PB8,PB4,0.8313291668891907,False,False
c31e83132cdb,PB8,PB6,PB1,PB6,PB1,0.6062356233596802,False,False
0de67b184b6a,PB8,PB1,PB6,PB1,PB8,0.5616564750671387,False,False
d8e32b257793,PB8,PB3,PB9,PB9,PB3,0.7805365920066833,False,False
8c7353f7bbe2,PB8,PB6,PB1,PB1,PB7,0.7003695368766785,False,False
8a9d7e415fdd,PB7,PB6,PB1,PB6,PB7,0.8675805926322937,False,False
83d5fcfb63a6,PB8,PB1,PB6,PB9,PB8,0.6268789172172546,False,False
44a7681e77fd,PB8,PB8,PB6,PB8,PB7,0.6826026439666748,True,True
c1aedd8b5cbf,PB8,PB1,PB2,PB1,PB9,0.7020683288574219,False,False
fd7c9736c65e,PB8,PB6,PB1,PB8,PB7,0.6568429470062256,True,False
90702df348a9,PB8,PB1,PB8,PB8,PB4,0.5884917378425598,True,False
e08297aa7251,PB8,PB1,PB6,PB7,PB8,0.5441867709159851,False,False
bb758b998875,PB8,PB6,PB1,PB9,PB3,0.7657971978187561,False,False
12b645b93197,PB8,PB6,PB8,PB8,PB3,0.5522115230560303,True,False
003294d827f5,PB8,PB6,PB1,PB6,PB1,0.7407200336456299,False,False
e362699b8fcf,PB8,PB6,PB1,PB6,PB1,0.7509300112724304,False,False
eac718b2695f,PB8,PB1,PB6,PB9,PB1,0.6085346937179565,False,False
a26100c1def5,PB8,PB8,PB1,PB8,PB1,0.6554747223854065,True,True
14f1cd40e61a,PB8,PB1,PB8,PB1,PB9,0.7074747681617737,False,False
3e4c774aebec,PB8,PB1,PB6,PB1,PB8,0.6133255958557129,False,False
f5293eba6034,PB8,PB6,PB1,PB8,PB9,0.5999475717544556,True,False
0796a651e554,PB8,PB6,PB1,PB1,PB9,0.5376332402229309,False,False
a6524d5c0b94,PB8,PB7,PB6,PB7,PB2,0.7254551649093628,False,False
aa624c008b5e,PB8,PB1,PB9,PB9,PB3,0.8074164986610413,False,False
0fbceeeb661a,PB8,PB1,PB6,PB1,PB9,0.6996006965637207,False,False
d88eea3c84a1,PB8,PB1,PB6,PB1,PB8,0.6812398433685303,False,False
574655ad6195,PB8,PB6,PB9,PB9,PB3,0.8462775945663452,False,False
b98dbc59db77,PB8,PB6,PB1,PB1,PB7,0.7461817860603333,False,False
85872b4d05e3,PB8,PB6,PB1,PB1,PB8,0.5873572826385498,False,False
06b1c6343a08,PB8,PB6,PB1,PB1,PB9,0.6525768637657166,False,False
2bdcfdc22bdf,PB8,PB1,PB6,PB8,PB9,0.5520192980766296,True,False
55b594209ed5,PB8,PB1,PB8,PB1,PB9,0.6950045228004456,False,False
e4f4eaaf7dbd,PB8,PB1,PB8,PB1,PB8,0.6255620718002319,False,False
5649806bfdcb,PB8,PB8,PB1,PB8,PB1,0.7090789079666138,True,True
86f81d458b73,PB8,PB6,PB1,PB8,PB4,0.5094867944717407,True,False
6f01ecadd134,PB8,PB1,PB6,PB8,PB7,0.6575238108634949,True,False
796ea15de1d6,PB8,PB1,PB6,PB8,PB1,0.4679058790206909,True,False
920f794e4330,PB8,PB1,PB6,PB9,PB1,0.6941688656806946,False,False
8b31f5d289a7,PB8,PB1,PB6,PB1,PB8,0.6824807524681091,False,False
44ccbe284663,PB8,PB1,PB7,PB1,PB7,0.7743051648139954,False,False
cd157e34cb94,PB8,PB6,PB1,PB9,PB1,0.7972915172576904,False,False
5aaab1fa33a3,PB8,PB9,PB6,PB9,PB2,0.8417803049087524,False,False
958b9231d039,PB8,PB6,PB1,PB8,PB1,0.5506927371025085,True,False
a5edeba3c12c,PB8,PB1,PB6,PB7,PB9,0.5877477526664734,False,False
8491c250c300,PB8,PB1,PB6,PB8,PB7,0.5192746520042419,True,False
6da292b19012,PB8,PB1,PB6,PB8,PB4,0.603714644908905,True,False
9207674fca1c,PB8,PB8,PB1,PB8,PB4,0.529037594795227,True,True
366136a3d081,PB8,PB6,PB1,PB9,PB1,0.6651957631111145,False,False
e2c710676ba6,PB8,PB6,PB7,PB7,PB6,0.6637214422225952,False,False
496bf3abc35e,PB8,PB1,PB6,PB1,PB9,0.6700697541236877,False,False
8319c3cdd2d2,PB8,PB6,PB9,PB9,PB3,0.8067850470542908,False,False
e727426383d4,PB8,PB6,PB1,PB9,PB1,0.7668713331222534,False,False
7521ae46783e,PB8,PB1,PB8,PB1,PB9,0.617241621017456,False,False
3d73407209d6,PB8,PB1,PB6,PB8,PB1,0.7527574300765991,True,False
0f33c76b9d89,PB8,PB8,PB6,PB8,PB4,0.6045560836791992,True,True
0617d09699ac,PB8,PB6,PB1,PB8,PB4,0.5325953364372253,True,False
829a84b22000,PB8,PB8,PB6,PB8,PB7,0.5385580062866211,True,True
7772e6d5eb4f,PB8,PB1,PB8,PB8,PB1,0.5712379813194275,True,False
b0d17e14264b,PB8,PB1,PB6,PB8,PB9,0.7643909454345703,True,False
5d8317752ac4,PB8,PB1,PB8,PB1,PB9,0.6389493346214294,False,False
53ab7b6df92e,PB8,PB1,PB8,PB1,PB9,0.7054284811019897,False,False
6835a765112a,PB8,PB1,PB6,PB1,PB9,0.6162528395652771,False,False
a4a9d8cc6433,PB8,PB1,PB6,PB8,PB7,0.577201783657074,True,False
faf5f4b3bf03,PB8,PB6,PB1,PB8,PB7,0.6885532140731812,True,False
25de94ba0941,PB8,PB9,PB6,PB9,PB3,0.8044029474258423,False,False
4e31ea5d6f2c,PB8,PB7,PB6,PB7,PB8,0.7244941592216492,False,False
bb87293d7644,PB8,PB1,PB6,PB1,PB6,0.7495997548103333,False,False
ea95e92f881d,PB8,PB1,PB6,PB1,PB9,0.6531843543052673,False,False
3d6573117d0b,PB8,PB7,PB1,PB7,PB6,0.8136386871337891,False,False
74c0235196f4,PB8,PB6,PB1,PB9,PB7,0.5869645476341248,False,False
4677c817a089,PB8,PB1,PB7,PB8,PB7,0.6282483339309692,True,False
73261bea95b6,PB8,PB8,PB1,PB7,PB1,0.6196873188018799,False,True
c5009005d0cc,PB8,PB1,PB6,PB9,PB1,0.6592099666595459,False,False
c39a190c6464,PB8,PB6,PB7,PB7,PB1,0.6775363087654114,False,False
455162266eca,PB8,PB1,PB6,PB7,PB1,0.636843204498291,False,False
88058d92cc22,PB9,PB6,PB1,PB9,PB6,0.7849008440971375,True,False
18f0b9e4069b,PB9,PB9,PB6,PB9,PB3,0.7785789966583252,True,True
2e36dd598493,PB9,PB6,PB9,PB9,PB1,0.8732474446296692,True,False
f13c652030d7,PB9,PB6,PB9,PB6,PB9,0.7616955041885376,False,False
da2ebf77dc84,PB9,PB1,PB6,PB9,PB3,0.749459445476532,True,False
c6dfc55666eb,PB9,PB6,PB1,PB6,PB9,0.8015885949134827,False,False
b2a8c6686cb6,PB9,PB6,PB9,PB9,PB6,0.7416828870773315,True,False
b46d7d2d2589,PB9,PB9,PB6,PB9,PB3,0.8266791105270386,True,True
ba3ddfe0f934,PB9,PB9,PB6,PB9,PB3,0.8581247925758362,True,True
2c68b4304cfb,PB9,PB9,PB1,PB1,PB9,0.7665672302246094,False,True
1206878a533a,PB9,PB6,PB9,PB9,PB2,0.7596375346183777,True,False
17e7dc029ebb,PB9,PB6,PB9,PB9,PB6,0.8453827500343323,True,False
2a414524dbcf,PB9,PB6,PB1,PB9,PB2,0.819963276386261,True,False
7be5ae7f8938,PB9,PB9,PB6,PB9,PB3,0.8194543123245239,True,True
0ca9dae24da6,PB9,PB6,PB9,PB9,PB1,0.8261533975601196,True,False
62e8ef38eeb7,PB9,PB6,PB9,PB9,PB6,0.8007485866546631,True,False
809976c4246e,PB9,PB9,PB1,PB9,PB3,0.8203631043434143,True,True
a9cbf319474c,PB9,PB9,PB8,PB9,PB3,0.8151479959487915,True,True
22bda3e8d18c,PB9,PB6,PB9,PB9,PB3,0.7833503484725952,True,False
e4e38325bfe4,PB9,PB9,PB3,PB9,PB1,0.8074214458465576,True,True
b9fb45ca1fd8,PB9,PB9,PB8,PB9,PB1,0.8782504796981812,True,True
eac8f2373ad8,PB9,PB9,PB6,PB2,PB9,0.7641168832778931,False,True
3758e197bab8,PB9,PB6,PB7,PB4,PB6,0.8805651068687439,False,False
ec09b2719157,PB9,PB6,PB1,PB9,PB3,0.7909414768218994,True,False
8e1b3701699f,PB9,PB9,PB3,PB9,PB8,0.7847753763198853,True,True
b646e01d58f7,PB9,PB9,PB1,PB9,PB3,0.7968650460243225,True,True
c12cdcb811a0,PB9,PB6,PB1,PB6,PB4,0.8173733353614807,False,False
683e518543a2,PB9,PB9,PB8,PB9,PB1,0.8571516275405884,True,True
7b466050d9a9,PB9,PB6,PB9,PB9,PB3,0.7804108262062073,True,False
5fd24cce20fc,PB9,PB1,PB6,PB9,PB3,0.805225133895874,True,False
653fa4b2faf9,PB9,PB6,PB9,PB9,PB3,0.7921469211578369,True,False
3edd645fe116,PB9,PB9,PB6,PB9,PB1,0.8673361539840698,True,True
d86238f46e3c,PB9,PB9,PB6,PB9,PB1,0.867184042930603,True,True
42f32f6544ee,PB9,PB6,PB9,PB9,PB2,0.7998062968254089,True,False
2b25f4b6c465,PB9,PB6,PB1,PB9,PB1,0.7947250008583069,True,False
b55ec787db57,PB9,PB9,PB6,PB9,PB1,0.8315978646278381,True,True
d2080a078230,PB9,PB6,PB9,PB9,PB1,0.7904714345932007,True,False
6c3e3c62d605,PB9,PB6,PB9,PB9,PB1,0.8251221179962158,True,False
f0287b3b293e,PB9,PB9,PB8,PB9,PB1,0.807490885257721,True,True
74c7d3f82660,PB9,PB9,PB6,PB9,PB4,0.7842819094657898,True,True
b279c7a2d586,PB9,PB9,PB6,PB9,PB1,0.832870364189148,True,True
a55937f99a13,PB9,PB6,PB1,PB2,PB9,0.7798780798912048,False,False
ff5bb987cb77,PB9,PB6,PB9,PB9,PB1,0.8750907778739929,True,False
bd4581e42be9,PB9,PB6,PB1,PB9,PB2,0.7623791098594666,True,False
cd63c34c7fe3,PB9,PB6,PB1,PB9,PB3,0.7897994518280029,True,False
397a47a3be8a,PB9,PB6,PB9,PB9,PB3,0.7181077003479004,True,False
502a84312d00,PB9,PB9,PB6,PB9,PB1,0.8797851204872131,True,True
c81af585824e,PB9,PB3,PB9,PB3,PB9,0.781474232673645,False,False
76127b6f114b,PB9,PB1,PB3,PB9,PB3,0.7720392346382141,True,False
a36da033a05b,PB9,PB6,PB1,PB9,PB3,0.767548680305481,True,False
339b54874a96,PB9,PB9,PB8,PB9,PB3,0.8619176149368286,True,True
68b4025325e7,PB9,PB6,PB1,PB9,PB1,0.7837482690811157,True,False
67f824c06bdc,PB9,PB3,PB6,PB3,PB9,0.7794454097747803,False,False
496666e9b6da,PB9,PB6,PB1,PB9,PB3,0.7873380780220032,True,False
1308f975ed14,PB9,PB1,PB6,PB2,PB1,0.7122305035591125,False,False
4f22542e7388,PB9,PB6,PB1,PB1,PB6,0.7641990184783936,False,False
abed7be65e53,PB9,PB6,PB1,PB9,PB6,0.6700283885002136,True,False
83a1b1987b47,PB9,PB9,PB6,PB9,PB1,0.8009219169616699,True,True
ea228417bcf2,PB9,PB6,PB1,PB6,PB1,0.7660070657730103,False,False
e054b8ffa995,PB9,PB9,PB6,PB9,PB3,0.8151637315750122,True,True
811c1fe5c0ce,PB9,PB6,PB9,PB9,PB3,0.7505400776863098,True,False
1a70af1ee8f8,PB9,PB1,PB9,PB9,PB1,0.8605982065200806,True,False
89c5bea6f4b6,PB9,PB1,PB6,PB3,PB9,0.7339705228805542,False,False
d1133bd84cfe,PB9,PB9,PB6,PB9,PB1,0.8434511423110962,True,True
6b061e8a02a1,PB9,PB9,PB6,PB9,PB1,0.8148571848869324,True,True
c42ffee039f7,PB9,PB1,PB3,PB9,PB2,0.7583751678466797,True,False
957f4dad9dd0,PB9,PB9,PB1,PB9,PB3,0.7735238671302795,True,True
ad9445fe976c,PB9,PB6,PB9,PB9,PB3,0.8475275039672852,True,False
83964a920703,PB9,PB6,PB1,PB9,PB3,0.8029946684837341,True,False
4b41406ac3da,PB9,PB1,PB6,PB1,PB9,0.7612234354019165,False,False
9164ad05c489,PB9,PB6,PB9,PB9,PB1,0.855955958366394,True,False
70b52d5c416e,PB9,PB9,PB6,PB9,PB2,0.7694131135940552,True,True
260cc6707374,PB9,PB9,PB6,PB2,PB4,0.8612961769104004,False,True
0672168600bf,PB9,PB6,PB9,PB9,PB3,0.7560460567474365,True,False
6767e36e8c97,PB9,PB9,PB1,PB9,PB2,0.7380894422531128,True,True
7e7db277fd49,PB9,PB1,PB6,PB9,PB3,0.7365022897720337,True,False
5a1b74e67081,PB9,PB9,PB6,PB9,PB3,0.8310680389404297,True,True
edcffe92f4f7,PB9,PB9,PB8,PB9,PB4,0.8330690860748291,True,True
b9283c8bb52e,PB9,PB6,PB9,PB9,PB3,0.8016079068183899,True,False
d1fc7e47a220,PB9,PB9,PB6,PB9,PB8,0.8372445106506348,True,True
56c7d6d62d7c,PB9,PB9,PB6,PB9,PB3,0.837153434753418,True,True
6c517c5bda80,PB9,PB1,PB6,PB9,PB1,0.830209493637085,True,False
08f457a29ab7,PB9,PB6,PB2,PB2,PB3,0.7976961135864258,False,False
